{
  "tag_acc": 0.9782476543,
  "ents_p": 0.8421438017,
  "ents_r": 0.8354783099,
  "ents_f": 0.8387978142,
  "sents_p": 0.9517039515,
  "sents_r": 0.9600395606,
  "sents_f": 0.9495988094,
  "speed": 9299.4301854522,
  "ents_per_type": {
    "LOC": {
      "p": 0.8600778394,
      "r": 0.8732606873,
      "f": 0.8666191325
    },
    "PER": {
      "p": 0.8856340104,
      "r": 0.9089963599,
      "f": 0.8971631206
    },
    "MISC": {
      "p": 0.7856218939,
      "r": 0.7203945315,
      "f": 0.7515956754
    },
    "ORG": {
      "p": 0.7733354321,
      "r": 0.7385748647,
      "f": 0.7555555556
    }
  },
  "token_acc": 0.9998017682,
  "pos_acc": 0.9829787234,
  "morph_acc": 0.9153754155,
  "lemma_acc": 0.7342764075,
  "dep_uas": 0.9233369643,
  "dep_las": 0.9041738033,
  "morph_per_feat": {
    "Case": {
      "p": 0.9184590949,
      "r": 0.920590378,
      "f": 0.9195235015
    },
    "Definite": {
      "p": 0.9957844366,
      "r": 0.9968065693,
      "f": 0.9962952408
    },
    "Gender": {
      "p": 0.9378081578,
      "r": 0.9447956649,
      "f": 0.9412889439
    },
    "Number": {
      "p": 0.9740277778,
      "r": 0.974704656,
      "f": 0.9743660993
    },
    "PronType": {
      "p": 0.9928466916,
      "r": 0.9903510906,
      "f": 0.9915973209
    },
    "Degree": {
      "p": 0.9814814815,
      "r": 0.9713737127,
      "f": 0.9764014387
    },
    "VerbForm": {
      "p": 0.9610431423,
      "r": 0.9615591109,
      "f": 0.9613010574
    },
    "Mood": {
      "p": 0.9692798388,
      "r": 0.9573868347,
      "f": 0.96329663
    },
    "Person": {
      "p": 0.9808819425,
      "r": 0.9708563536,
      "f": 0.9758433986
    },
    "Tense": {
      "p": 0.9733917144,
      "r": 0.9615704542,
      "f": 0.9674449745
    },
    "Reflex": {
      "p": 0.9976303318,
      "r": 0.9976303318,
      "f": 0.9976303318
    },
    "Poss": {
      "p": 1.0,
      "r": 1.0,
      "f": 1.0
    },
    "Foreign": {
      "p": 0.6585365854,
      "r": 0.135678392,
      "f": 0.225
    }
  },
  "dep_las_per_type": {
    "cp": {
      "p": 0.9602169982,
      "r": 0.970749543,
      "f": 0.9654545455
    },
    "nk": {
      "p": 0.9769280675,
      "r": 0.9811451376,
      "f": 0.9790320614
    },
    "sb": {
      "p": 0.9209795068,
      "r": 0.9301876864,
      "f": 0.9255606947
    },
    "ag": {
      "p": 0.9501625135,
      "r": 0.9695964621,
      "f": 0.9597811218
    },
    "mnr": {
      "p": 0.7285085966,
      "r": 0.7658680118,
      "f": 0.7467213115
    },
    "mo": {
      "p": 0.7873384754,
      "r": 0.7950637265,
      "f": 0.7911822437
    },
    "oc": {
      "p": 0.9196667658,
      "r": 0.9304635762,
      "f": 0.9250336675
    },
    "root": {
      "p": 0.9730238394,
      "r": 0.9615623063,
      "f": 0.9672591207
    },
    "rc": {
      "p": 0.6816143498,
      "r": 0.6816143498,
      "f": 0.6816143498
    },
    "op": {
      "p": 0.7485822306,
      "r": 0.5901639344,
      "f": 0.66
    },
    "pm": {
      "p": 0.9971098266,
      "r": 0.9913793103,
      "f": 0.9942363112
    },
    "nmc": {
      "p": 0.9840764331,
      "r": 0.9763033175,
      "f": 0.9801744647
    },
    "oa": {
      "p": 0.8684637869,
      "r": 0.8819261214,
      "f": 0.8751431844
    },
    "pd": {
      "p": 0.8403908795,
      "r": 0.7588235294,
      "f": 0.7975270479
    },
    "ep": {
      "p": 0.8285714286,
      "r": 0.8721804511,
      "f": 0.8498168498
    },
    "cd": {
      "p": 0.8709468223,
      "r": 0.8675710594,
      "f": 0.8692556634
    },
    "cj": {
      "p": 0.8499511241,
      "r": 0.857495069,
      "f": 0.853706431
    },
    "par": {
      "p": 0.546875,
      "r": 0.3431372549,
      "f": 0.421686747
    },
    "svp": {
      "p": 0.9425742574,
      "r": 0.9153846154,
      "f": 0.9287804878
    },
    "pg": {
      "p": 0.8653846154,
      "r": 0.8598726115,
      "f": 0.8626198083
    },
    "da": {
      "p": 0.7849462366,
      "r": 0.5572519084,
      "f": 0.6517857143
    },
    "app": {
      "p": 0.6721311475,
      "r": 0.6902356902,
      "f": 0.6810631229
    },
    "ac": {
      "p": 0.9363636364,
      "r": 0.8803418803,
      "f": 0.9074889868
    },
    "pnc": {
      "p": 0.8294270833,
      "r": 0.8272727273,
      "f": 0.8283485046
    },
    "ju": {
      "p": 0.9207920792,
      "r": 0.9393939394,
      "f": 0.93
    },
    "ng": {
      "p": 0.7915567282,
      "r": 0.7978723404,
      "f": 0.7947019868
    },
    "re": {
      "p": 0.7862068966,
      "r": 0.6785714286,
      "f": 0.7284345048
    },
    "cm": {
      "p": 0.8829268293,
      "r": 0.8701923077,
      "f": 0.8765133172
    },
    "cc": {
      "p": 0.7368421053,
      "r": 0.6331658291,
      "f": 0.6810810811
    },
    "sbp": {
      "p": 0.850877193,
      "r": 0.8362068966,
      "f": 0.8434782609
    },
    "uc": {
      "p": 0.75,
      "r": 0.3,
      "f": 0.4285714286
    },
    "ams": {
      "p": 0.768115942,
      "r": 0.7794117647,
      "f": 0.7737226277
    },
    "rs": {
      "p": 0.6666666667,
      "r": 0.3870967742,
      "f": 0.4897959184
    },
    "cvc": {
      "p": 0.8,
      "r": 0.6075949367,
      "f": 0.690647482
    },
    "ph": {
      "p": 1.0,
      "r": 0.5714285714,
      "f": 0.7272727273
    },
    "dm": {
      "p": 0.0,
      "r": 0.0,
      "f": 0.0
    },
    "dep": {
      "p": 0.0,
      "r": 0.0,
      "f": 0.0
    },
    "oa2": {
      "p": 0.0,
      "r": 0.0,
      "f": 0.0
    },
    "vo": {
      "p": 0.0,
      "r": 0.0,
      "f": 0.0
    },
    "og": {
      "p": 0.5,
      "r": 0.2857142857,
      "f": 0.3636363636
    },
    "adc": {
      "p": 1.0,
      "r": 1.0,
      "f": 1.0
    }
  }
}